idx,x1,y1,x2,y2,dx,dy,len,angle_deg,label,mid_x,mid_y,roi_overlap,norm_x,norm_y
0,439,562,1020,562,581,0,581.0,0.0,0,729.5,562.0,-1,0.71240234375,0.9606837606837607
1,423,558,776,558,353,0,353.0,0.0,0,599.5,558.0,-1,0.58544921875,0.9538461538461539
2,351,557,534,557,183,0,183.0,0.0,0,442.5,557.0,-1,0.43212890625,0.9521367521367521
3,81,516,522,523,441,7,441.0555520566542,0.9093804491991415,0,301.5,519.5,-1,0.29443359375,0.888034188034188
4,13,557,57,557,44,0,44.0,0.0,0,35.0,557.0,-1,0.0341796875,0.9521367521367521
5,799,425,1018,557,219,132,255.70490804832042,31.07903963507925,1,908.5,491.0,-1,0.88720703125,0.8393162393162393
6,75,519,535,527,460,8,460.0695599580568,0.9963478965049255,0,305.0,523.0,-1,0.2978515625,0.8940170940170941
7,287,377,720,377,433,0,433.0,0.0,0,503.5,377.0,-1,0.49169921875,0.6444444444444445
8,75,557,222,559,147,2,147.0136048126159,0.7794863211184798,0,148.5,558.0,-1,0.14501953125,0.9538461538461539
9,248,426,802,426,554,0,554.0,0.0,0,525.0,426.0,-1,0.5126953125,0.7282051282051282
10,676,525,904,522,228,-3,228.01973598791838,179.24615166692922,0,790.0,523.5,-1,0.771484375,0.8948717948717949
11,843,518,951,516,108,-2,108.01851693112621,178.93908830973578,0,897.0,517.0,-1,0.8759765625,0.8837606837606837
12,669,346,845,452,176,106,205.4555913086816,31.059408829709984,1,757.0,399.0,-1,0.7392578125,0.6820512820512821
13,297,561,438,561,141,0,141.0,0.0,0,367.5,561.0,-1,0.35888671875,0.958974358974359
14,435,420,638,420,203,0,203.0,0.0,0,536.5,420.0,-1,0.52392578125,0.717948717948718
15,386,349,677,349,291,0,291.0,0.0,0,531.5,349.0,-1,0.51904296875,0.5965811965811966
16,287,381,726,381,439,0,439.0,0.0,0,506.5,381.0,-1,0.49462890625,0.6512820512820513
17,873,556,1000,556,127,0,127.0,0.0,0,936.5,556.0,-1,0.91455078125,0.9504273504273504
18,11,555,218,441,207,-114,236.31546711969574,151.15733986458793,2,114.5,498.0,-1,0.11181640625,0.8512820512820513
19,257,421,374,421,117,0,117.0,0.0,0,315.5,421.0,-1,0.30810546875,0.7196581196581197
20,637,346,972,580,335,234,408.63308725554765,34.93458659759386,1,804.5,463.0,-1,0.78564453125,0.7914529914529914
21,450,527,606,525,156,-2,156.01281998605114,179.2654789657452,0,528.0,526.0,-1,0.515625,0.8991452991452992
22,83,552,404,352,321,-200,378.20761494184643,148.07490791020112,2,243.5,452.0,-1,0.23779296875,0.7726495726495727
23,652,346,975,580,323,234,398.8546101024783,35.921759164606634,1,813.5,463.0,-1,0.79443359375,0.7914529914529914
24,253,423,694,423,441,0,441.0,0.0,0,473.5,423.0,-1,0.46240234375,0.7230769230769231
25,25,554,391,352,366,-202,418.04305998305966,151.10514208414887,2,208.0,453.0,-1,0.203125,0.7743589743589744
26,93,552,414,352,321,-200,378.20761494184643,148.07490791020112,2,253.5,452.0,-1,0.24755859375,0.7726495726495727
27,191,554,236,554,45,0,45.0,0.0,0,213.5,554.0,-1,0.20849609375,0.947008547008547
28,658,346,959,527,301,181,351.2292698509052,31.019709423967328,1,808.5,436.5,-1,0.78955078125,0.7461538461538462
29,916,579,1015,580,99,1,99.00505037623081,0.5787255656077621,0,965.5,579.5,-1,0.94287109375,0.9905982905982906
30,353,369,576,369,223,0,223.0,0.0,0,464.5,369.0,-1,0.45361328125,0.6307692307692307
31,448,354,678,354,230,0,230.0,0.0,0,563.0,354.0,-1,0.5498046875,0.6051282051282051
32,498,352,682,352,184,0,184.0,0.0,0,590.0,352.0,-1,0.576171875,0.6017094017094017
33,296,556,350,556,54,0,54.0,0.0,0,323.0,556.0,-1,0.3154296875,0.9504273504273504
34,359,427,803,427,444,0,444.0,0.0,0,581.0,427.0,-1,0.5673828125,0.7299145299145299
35,394,424,431,424,37,0,37.0,0.0,0,412.5,424.0,-1,0.40283203125,0.7247863247863248
36,18,550,142,550,124,0,124.0,0.0,0,80.0,550.0,-1,0.078125,0.9401709401709402
37,23,554,169,474,146,-80,166.48123017325406,151.2796732021305,2,96.0,514.0,-1,0.09375,0.8786324786324786
38,447,414,637,418,190,4,190.04210059878838,1.2060487792199577,0,542.0,416.0,-1,0.529296875,0.7111111111111111
39,432,383,568,383,136,0,136.0,0.0,0,500.0,383.0,-1,0.48828125,0.6547008547008547
40,819,578,942,576,123,-2,123.01625908797584,179.0684434019225,0,880.5,577.0,-1,0.85986328125,0.9863247863247864
41,660,346,1017,560,357,214,416.22710147226115,30.940148878068285,1,838.5,453.0,-1,0.81884765625,0.7743589743589744
42,859,523,968,526,109,3,109.04127658827184,1.576550055183732,0,913.5,524.5,-1,0.89208984375,0.8965811965811966
43,228,443,393,352,165,-91,188.43035848822237,151.1225987777172,2,310.5,397.5,-1,0.30322265625,0.6794871794871795
44,643,522,953,517,310,-5,310.0403199585499,179.0759546472273,0,798.0,519.5,-1,0.779296875,0.888034188034188
45,139,485,324,383,185,-102,211.25576915199264,151.1297954741791,2,231.5,434.0,-1,0.22607421875,0.7418803418803419
46,519,559,536,359,17,-200,200.7211996775627,94.85846291903428,2,527.5,459.0,-1,0.51513671875,0.7846153846153846
47,817,571,944,571,127,0,127.0,0.0,0,880.5,571.0,-1,0.85986328125,0.976068376068376
48,817,572,982,572,165,0,165.0,0.0,0,899.5,572.0,-1,0.87841796875,0.9777777777777777
49,98,554,291,429,193,-125,229.94347131414713,147.07014548938793,2,194.5,491.5,-1,0.18994140625,0.8401709401709402
50,221,441,325,383,104,-58,119.07980517283357,150.85192815428695,2,273.0,412.0,-1,0.2666015625,0.7042735042735043
51,356,367,703,367,347,0,347.0,0.0,0,529.5,367.0,-1,0.51708984375,0.6273504273504273
52,515,556,528,362,13,-194,194.4350791395421,93.83367653708808,2,521.5,459.0,-1,0.50927734375,0.7846153846153846
53,818,557,937,559,119,2,119.01680553602503,0.9628636256362129,0,877.5,558.0,-1,0.85693359375,0.9538461538461539
54,484,425,800,425,316,0,316.0,0.0,0,642.0,425.0,-1,0.626953125,0.7264957264957265
55,628,525,733,524,105,-1,105.00476179678711,179.4543424065843,0,680.5,524.5,-1,0.66455078125,0.8965811965811966
56,432,422,795,422,363,0,363.0,0.0,0,613.5,422.0,-1,0.59912109375,0.7213675213675214
57,237,555,286,555,49,0,49.0,0.0,0,261.5,555.0,-1,0.25537109375,0.9487179487179487
58,360,428,663,428,303,0,303.0,0.0,0,511.5,428.0,-1,0.49951171875,0.7316239316239316
59,378,353,545,350,167,-3,167.0269439342048,178.970845195694,0,461.5,351.5,-1,0.45068359375,0.6008547008547008
60,899,492,1017,563,118,71,137.71347065556077,31.035108649002684,1,958.0,527.5,-1,0.935546875,0.9017094017094017
61,94,554,158,553,64,-1,64.00781202322104,179.10482628978892,0,126.0,553.5,-1,0.123046875,0.9461538461538461
62,447,419,638,419,191,0,191.0,0.0,0,542.5,419.0,-1,0.52978515625,0.7162393162393162
63,15,552,126,491,111,-61,126.65701717630967,151.20902492780797,2,70.5,521.5,-1,0.06884765625,0.8914529914529915
64,354,368,588,368,234,0,234.0,0.0,0,471.0,368.0,-1,0.4599609375,0.629059829059829
65,358,366,701,366,343,0,343.0,0.0,0,529.5,366.0,-1,0.51708984375,0.6256410256410256
66,842,486,895,523,53,37,64.63745044476924,34.91940201245768,1,868.5,504.5,-1,0.84814453125,0.8623931623931624
67,502,522,590,521,88,-1,88.0056816347672,179.3489396197705,0,546.0,521.5,-1,0.533203125,0.8914529914529915
68,512,358,683,355,171,-3,171.0263137648707,178.99491399474581,0,597.5,356.5,-1,0.58349609375,0.6094017094017095
69,518,559,536,351,18,-208,208.7773934122179,94.94596654710416,2,527.0,455.0,-1,0.5146484375,0.7777777777777778
70,643,346,763,430,120,84,146.47866738880444,34.99202019855866,1,703.0,388.0,-1,0.6865234375,0.6632478632478632
71,741,415,931,559,190,144,238.40302011509837,37.15829678489694,1,836.0,487.0,-1,0.81640625,0.8324786324786325
72,253,559,295,559,42,0,42.0,0.0,0,274.0,559.0,-1,0.267578125,0.9555555555555556
73,515,542,527,362,12,-180,180.3995565404749,93.81407483429035,2,521.0,452.0,-1,0.5087890625,0.7726495726495727
74,296,560,358,560,62,0,62.0,0.0,0,327.0,560.0,-1,0.3193359375,0.9572649572649573
75,894,554,1000,555,106,1,106.00471687618433,0.5405101871306666,0,947.0,554.5,-1,0.9248046875,0.9478632478632478
76,615,346,673,347,58,1,58.008620049092706,0.98776039963981,0,644.0,346.5,-1,0.62890625,0.5923076923076923
77,773,563,826,563,53,0,53.0,0.0,0,799.5,563.0,-1,0.78076171875,0.9623931623931624
78,447,418,607,418,160,0,160.0,0.0,0,527.0,418.0,-1,0.5146484375,0.7145299145299145
79,287,379,359,385,72,6,72.24956747275377,4.763641690726178,0,323.0,382.0,-1,0.3154296875,0.652991452991453
80,513,359,685,356,172,-3,172.02616080119907,179.0007563297427,0,599.0,357.5,-1,0.5849609375,0.6111111111111112
81,107,546,180,500,73,-46,86.28441342444185,147.78345394142437,2,143.5,523.0,-1,0.14013671875,0.8940170940170941
82,89,515,172,515,83,0,83.0,0.0,0,130.5,515.0,-1,0.12744140625,0.8803418803418803
83,351,370,526,370,175,0,175.0,0.0,0,438.5,370.0,-1,0.42822265625,0.6324786324786325
84,895,525,933,552,38,27,46.61544808322666,35.39479584498706,1,914.0,538.5,-1,0.892578125,0.9205128205128205
85,841,484,934,549,93,65,113.46365056704283,34.95065141187513,1,887.5,516.5,-1,0.86669921875,0.8829059829059829
86,535,353,700,365,165,12,165.43578814754684,4.159642293712642,0,617.5,359.0,-1,0.60302734375,0.6136752136752137
87,579,364,698,364,119,0,119.0,0.0,0,638.5,364.0,-1,0.62353515625,0.6222222222222222
88,983,573,1018,574,35,1,35.014282800023196,1.6365770416167182,0,1000.5,573.5,-1,0.97705078125,0.9803418803418803
89,317,523,492,526,175,3,175.025712396779,0.982117163224188,0,404.5,524.5,-1,0.39501953125,0.8965811965811966
90,440,371,526,371,86,0,86.0,0.0,0,483.0,371.0,-1,0.4716796875,0.6341880341880342
91,287,380,355,380,68,0,68.0,0.0,0,321.0,380.0,-1,0.3134765625,0.6495726495726496
92,309,419,412,355,103,-64,121.26417442921878,148.14486761755074,2,360.5,387.0,-1,0.35205078125,0.6615384615384615
93,653,356,805,463,152,107,185.88437266214714,35.14352917863732,1,729.0,409.5,-1,0.7119140625,0.7
94,168,559,252,558,84,-1,84.00595217006948,179.31793960682734,0,210.0,558.5,-1,0.205078125,0.9547008547008548
95,962,522,1010,550,48,28,55.569775957799216,30.256437163529263,1,986.0,536.0,-1,0.962890625,0.9162393162393162
96,89,552,159,508,70,-44,82.68010643437755,147.84770485871766,2,124.0,530.0,-1,0.12109375,0.905982905982906
97,777,557,817,557,40,0,40.0,0.0,0,797.0,557.0,-1,0.7783203125,0.9521367521367521
98,737,419,793,421,56,2,56.0357029044876,2.0454084888872277,0,765.0,420.0,-1,0.7470703125,0.717948717948718
99,815,520,958,520,143,0,143.0,0.0,0,886.5,520.0,-1,0.86572265625,0.8888888888888888
100,269,310,296,420,27,110,113.26517558367179,76.20913310263902,1,282.5,365.0,-1,0.27587890625,0.6239316239316239
101,852,500,905,495,53,-5,53.23532661682466,174.6106882400266,0,878.5,497.5,-1,0.85791015625,0.8504273504273504
102,251,293,284,424,33,131,135.09256086106296,75.8608916883495,1,267.5,358.5,-1,0.26123046875,0.6128205128205129
103,483,522,560,526,77,4,77.10382610480494,2.9737310824801084,0,521.5,524.0,-1,0.50927734375,0.8957264957264958
104,458,535,606,522,148,-13,148.56984889270097,174.98014635798046,0,532.0,528.5,-1,0.51953125,0.9034188034188034
105,516,519,625,522,109,3,109.04127658827184,1.576550055183732,0,570.5,520.5,-1,0.55712890625,0.8897435897435897
106,899,491,1019,563,120,72,139.9428454762872,30.96375653207352,1,959.0,527.0,-1,0.9365234375,0.9008547008547009
107,431,382,569,382,138,0,138.0,0.0,0,500.0,382.0,-1,0.48828125,0.652991452991453
